Brewery,City,State
Helio Basin Brewing Co.,Phoenix, Arizona
Arts District Brewing Co.,Los Angeles, California
Brouwerij West,San Pedro, California
Homage Brewing,Pomona, California
New Image Brewing,Arvada, Colorado
Bierstadt Lagerhaus,Denver, Colorado
Brewport Brewing Co.,Bridgeport, Connecticut
Scofflaw Brewing Co.,Atlanta, Georgia
Beer Lab HI,Honolulu, Hawaii
Dovetail Brewery,Chicago, Illinois
Cruz Blanca,Chicago, Illinois
Round Town Brewery,Indianapolis, Indiana
Foulmouthed Brewing Co.,Portland, Maine
Exhibit ‘A’ Brewing Co.,Framingham, Massachusetts
Modist Brewing,Minneapolis, Minnesota
Narrow Gauge Brewing Co.,Florissant, Missouri
Boiler Brewing Co.,Lincoln, Nebraska
Suarez Family Brewery,Livingston, New Hampshire
Interboro Spirits & Ales,Brooklyn, New York
Industrial Arts Brewing Co.,Garnerville, New York
Bond Brothers Beer Co.,Cary, North Carolina
Durty Bull Brewing Co.,Durham, North Carolina
Mother Stewart's Brewing Co.,Springfield, Ohio
American Solera,Tulsa, Oklahoma
Great Notion Brewing,Portland, Oregon
Wolves & People Farmhouse Brewery,Newberg, Oregon
Alesong Brewing & Blending,Eugene, Oregon
Birds Fly South Ale Project,Greenville, South Carolina
River Roost Brewery,White River Junction, Vermont
Foam Brewers,Burlington, Vermont
The Virginia Beer Co.,Williamsburg, Virginia
The Veil Brewing Co.,Richmond, Virginia
Cloudburst Brewing,Seattle, Washington
Perihelion Brewery,Seattle, Washington
